ticket_id,client_id,message
37297,9910,oRVvPUAfRgpqpT
60801,7169,dsoxJMhEWMEpjEBZSUwspxxRvQkwkbfFEUWsLOasMPFMShLdUIEsxurIxNnF
46046,8714,twsWLgtQLYkjlFTwVEdqAjwYojHERGXifzvItVSxjoiJQiu
45903,2388,oCMiPGUkyucmLQpduTRmPIukMWhHWYxGXvNnkyxEJvJIhRhucgPlbqveCeKTwRO
41390,9785,oikSiMjlWzLGdwOR
25769,4733,dsLVSgGzoZoXCUTIewcXgxiqLJlTqhWTRFpJvAjkfdnJNEmoihihgXwuvRjomBhhujdXhZAhYxeIiHsJmNJGmARCHKAhO
82014,1285,KMfouKutSayQrjWJPWCZxvMMJorAqgAcBbXvOrXiwIJqeQINJJAlC
51721,3682,rnhqOlGgTUzhydejOjzLEaGDuuunCPqyeRurULcDgHeJOCcnVLypVLtRvCIZcbTFLXWUoFEjghhnwQO
38958,7469,rRchiYiRicVWdsksfnQjuoCdZwsGRbyGehfyjZTVfmbXlrzzYenaKZOOoYJuCgMoMrrMPjObIEiIE
57891,6893,SfaomTVlVuHogIrEbAByKsTvkOhUvrVKB
67501,1963,LbOeTuxOmzGtTWrOWQKJJYmbocnzkLWA
67159,3109,UYtFwdVrcvMYlJHhgNWGGbArSIAcRvefAxlxWJwZAeztaaG
48584,8183,ZZsaJbIDJhqJELstQaogQFUHRzaTykYicQX
83896,1631,zOSIehrUXtatJpJiCXQxOYYDUiCVtuazvxVLZVYSA
47220,5644,DrVCVozfelVGAVqjoCKeKZqaZuMIRnWqCfcXpERcZtlkaxGXrIOlSncLXjkifOGyGgDBnlkibSmVlvRgjikmYaUum
21338,9716,SYlINDAUcjDbQgVIydcTtpxGO
48409,1962,hXqNAjDQFpYLBbIXYO
64702,8216,tiVNVYrTfNFklZwHuFKtiePbVwcDDRQrPXBvlchADOzBReYlVhEyiiTwqFNRNAKsGDD
97212,5902,nmEumtfSIHelyvOPxYUJJtLFOhPxbEFwRaNACqGKbQLgzgFVrpIOnUuPZqzKOpcmiprIITYn
19658,4516,jKgOBIEbbFwWVTJzbmWlkZSQGYoSBiadd
60347,3182,HYOvTnplVgnNHQLgvXhjENPtbNrwGDimeNjHqDuZcwApoMQNFFSAVMWLquypeDggbSVmYyEnexDwWNgjgO
44977,9152,YiUhxQOquQPBwiAuNQGffeYrPq
26629,6627,kYyyrwRvRaZphbwAWQrlLETrAtssMrmonotkkqBXxshsjtujxSbEArPPYvcprrtaSwcWhDAMddnKOXqmbMwCpNSlJEEzHOVq
51481,6587,wZtvRelotgkkRErtOlbBxmVtMGhynKYcOpjiMatdOTwQKgPUKfVaHDvrsEeTAYIeKqvqDMpeH
45703,1690,OWAQgniYVPJyRMlLizIvFMsANazEDNBQArAxjIzXPxutvumjYmahdKjapmmaoRvQOnpvxuJNodtt
57976,4787,IENfwAwurpxHURBzhNSpzCjJYzmYjChXDDqPGMmdJFHJTjwjfgziHbypQFGPnpKJwMAqqHjcYGfqHdGGBMRjreKS
28020,9171,VaUSsBWlNKybToUGWTVukfZLbZBhjHOinDMivOhqFsmLaKuCVdOAzkDFNPOnhsIlMgoZLFXPtBMLKfwcKqxX
95282,9108,bFzXvoOVvCveOmdRqNPPJThqWnpNAmrqZErESfvnECzNgOiiGLxrNkOM
94471,7802,UzmJKmMefynqitIfIcWAZCfKWXocZSttpCaHLcZBJKhqsLAsxUzvlzNQkXSgJAeVVGMRsrwkWjDUDjRXqiqOAINjvUfb
96081,2608,smZCpuFqbERFSEpyfyhxOETZwRgSTJQAYJbCnQnZOANRoCKoOxLFKlq
41527,1396,phOTQFxIxUIIIErkVckakzIkZywboosJsHDNqdWWIoxPeDARRRxwDpCYvQnVHOFfHZnZghEvmxRIgqaVAQOGVTVWnrMpZKfqf
99049,7333,mjayjWxQwQQAbegXGMmtDQqnWiAQenSHVTZjDpzHpFHEeqnExDNAUokzSLVNXoXUnyVSQBu
85227,5327,DcDxzBQEQkGlhQfltLECJWVxmBayYxXhXugwNxHKxuxNtwdtPajzkgPxunrYaGaXVVVsonOqyHuqdYDbapZb
69823,7184,eBzOyKHmBRyFeg
60162,2395,ucZXwIZJOmYMEdNhwDIAVGTLFuWfJxnUAtatUHnoZAlRJDwAXKZYxQjsEfPiDxipSnCUvRiTsdDiyTFqXfIUlJmNIWtpdZcXRnBO
25989,4402,FKBWEdMRTKAjHFyebiAwQCmATLQ
21183,5678,GqfFkoGOndnlTbda
68111,4142,AakhdzoPIdcMzqJCFounaL
65740,7783,lQOjBEdskpWwZYKfFKpuJOqWCUoXGyyJVjVgoOmQcJ
46119,8196,wIBxQXszATsCMwZfaaODmhHZlGhXveBOxququIutytktypTSXrygaUxeWrInkYxjjRWwllBkFmxCChShLfMjFeKG
55987,1621,oITECFmczWsvdSqJbSkDakMgrSEbZgGXVHjFkLQIJzBwHd
39843,1510,TiJdfGjkRPMtjSzxmdcfyHosyRBAuOJKrmlpeATGKrMJtWLMmIsZuKFHFotWSjGBxWKRFJuNtsFrjIweQYXvypwALPIq
22162,3300,thsVCeSCsBdoYzILlPvCpAIkAjdDzpUFjdXkKJnJBUgqaynYCpHJvlyfZPgcVAGkEsROjPCvcViepdL
85302,8284,qbipJBrhZPBBzgGXBlUwKfIFNheRexjNPQkqrWTIlmFOhzKWZwrlWVad
77030,2489,wRvHIOKzzRcWphehPOSmPSVsUgvUyGc
87049,1983,UlGXyKElDwCgozXsPPzFOLAOZMhYDDxFy
57685,2751,KCugPOFWjTnCJfhERcgbxjsLadJZITtoEXnChtOnMNWceiicTNxFcepfnQMmrjOVCZTTYSfPxFMSJSVIzMwWxd
75921,5694,YFbnxhwGwAHbjoRaBUdhZringnPLRYUGAOOFPVIxGk
84757,5233,AsPucYlqZnsfKuPnIUx
43233,4416,MajokJbLHpiUFQQHGerNDDbURiI
92326,7709,tPDmwaPMIwmAbWzJtRVhSKSCYJrwZmiTLTGOAYSbrQHgiJXAfqoQNWBODRAlqNqJQuZSkNGaeQceMOUWdRWceYXD
43573,2730,RELIQrzpkHzkwMAdqUVjhOCtPSqSJSUMXJgENTJzYmjNKhKvtwIxcvRqRFjerNAfziQMqLiQNw
23949,7972,VLUXGRSCRVLOWFCLrjpNWRLEXSoLtHGqvFZKqFNPCMIdAFTpgsRtwSihKPcbSkuqPNNQJKlaDsJKMQPYNIGdmtsnGegJalGgntr
88914,5715,BMQeRZcUuWRzLaQXODFlEpWvqZRyUEdMKchPxbGMcSaiTqxYKKFclzCOOGMhApuDcgEURgD
71133,1671,SpJPQxmGGUqsllDIlxqYWksTaVWuRiDnLhDREvbxkbxiNCEYVDULWKSgySIlEFsdaIpYm
61426,5078,oIGapfZVNtssmWnugVDMqqAMCdrHdFCALUJCocMHiggCinhbnUiLqygKNvrlqxCujqlzypUEzUBrSjsSGggirgQkZbGtEAFUXP
76213,5544,zbAMrujAVmmOfZZlGKYiTGjqjhYIRudAJRTsVIFrazwBkQDBwgSKfGxeKdJGnVzmnlSOVpIhEalmfdulgf
46964,1010,cqNCmvorKIhZUwZVWodeZrqKQsAAVgOEepBtDQdAhcVBhgCyVbtqCINoyawrPgIPjzyzrsJyshLiHvSgVAlXWLQUDCqtAIkmfTgu
81072,3312,HfjujVXSABWuwNmsLkCYbfwPTRcmQwKQtjQsqlFXpmdCKOA
12382,1854,puzYiJrRgLjAFRDmxXAxBQqcqrfZaBXDsJfP
55831,6085,rCamDAHNTAljHSkHAITVxJXVwosfYqdTjzIJfygZey
68039,3889,boyhnchOvIfRltEAKMwuUVwRHRSwvcEjNhWyiRkOGXpFTdCEHJGgXRiTMkFCtyJBHPEpedmKxOZLxWdTXdiVd
55045,3099,rbGqoFEEwkjCThbufockFqrFUKCwggnebGMXTOAONxlJznVMrJuCwLdqfaDCDIFpE
27052,8412,njOYknYCKFZdLdYkyPlkkKlEpLUDYAHejBuRaIfkkrwJTKqxxfUJcOEYiyyAWWnabGrQJnVCRu
87581,3529,OhYZszJUDDqcAHYtVaKdZnapyAfYchZdIuzRKdBwEwRdZTobwXHSgdIzyiZkOwYJFVMkeQujivrEYUTNV
31189,2862,UUUPVgfXuEooMubidkwvBSkptvafLRFfaVopQQGdXESevwUIVNBoJrFCwOijrhhWGND
12192,2380,oOehDOqBfPSgesqaTOexDpgJRVGXfGV
99732,6947,ioldqIYQGMfZFxbytFCFeDvEDndDxtJ
34890,4261,oqRyYcEqhSSrwZmHIeWZkESmlJkyZqTzhzDZfsmppyEnKIpbcgjsQLKmbTAYpwBvMImoQrGeViJSdMVgpmIivyaOBcaXFwgn
79661,5657,gfZjAtSxJEahnouKySfVszdBAzgUeFZmeypzmerrsSBeyzbEUNtUZKVPeaGx
43521,2276,VILqwkGkkwnVvdxgSXXUMsWxWTZEdYcEaAmRNnXLXjAe
38898,5310,IujpcpuJCebGtEKTQfLNJndGdQOxpeeCbhzmoxDUiwfrzJqlSpaCRR
68887,2267,lbegwgcoIxUOKMwlIggmrjqUJeQbNDUAYMPNHewSYGtgcTtDCJjPHpgLyGmGVbRTrwpBWGJKoByv
98929,2403,OVWBznFZsMCxNLQLofstViCfcAPoLBVLcPYilInbBgYqdkPfyWDoVcxecFAzOrHNPKTRKOQVsaXeFnua
67354,7863,NlpkZjWbmDkFVzPcvboxVDZifTrSxDnAOUgKqIKtMYwjFMYdHGSKrZBErwCLjRiLCZ
51148,7355,fYWjlzBRCLRfPqdqEldvKRKmBmoNcvdglZZETmsIOoMgzUNVSxxWUlflbRSBkXytWLNuz
95084,9079,vrdlYjmMbrEjaKAAWKzeVIXePGAmYIvLOhxRVLtw
79576,9074,NVpYlCmnYlOgttGFXmilCILMGmOFrafp
28350,6239,AoLhAjKALvkMCqnsSqmuICcHCVklTMeiWDEepsOxgjrUxqRDzVYswXQaFgukrgeGCbcMIpWClTY
30089,6372,zqtkLRjRyyZWwaAXCxYIItAsYHALhkIvUQmYcIsKUojAkwGQaAZboNjfyaPvhrvSzCFuSwyKRWjLV
29359,3445,QbQxrkopDUMpfoxFggLuchdeNZ
95152,8288,UmgRJoFfqcrsgSqeMEgtnGjyisATxdROajHfCutztdEgHUtseTgYqQDrli
78859,8683,ijGxwvrxOPWASLsypqdYQmE
90566,7247,MpJFlzNkYbVoUMRibMCv
75139,6014,LwoybYHiNabVXsdjWMrBpiJpieaUVeLWUNavfdluADYbzxzSMqOZZk
45040,2147,DfyhnqYqEfzXw
23796,5515,LIOCWHCLNKKyQGttcQeOVWUhFyjdCuSYjcooiQmgjSENWgcmq
23409,2446,NOFpoVKmXVMqjdtiCDzfarxxmQKezDORGgmlSBtQXUOXVIcgIOfObqwdpdvEMkcjIJwCiIFPy
54555,1840,HqiXpqWhkLLWXIaljmAGdcTQGIBrQw
38800,3303,baCZLDUSzfiwfkqTJXoTjKeLFFokfdSvPMSmxDfyrzWZSoaalaCCQzCyIrRjUIjQRUalHdPMSHMxDjbyNdDtWNWuPTsFnrWbLu
56468,3088,cknuhbWAHIKuLHYlMbvwavJKQyGyxFSWmTExeTsqirLfjcgHjRSTTEZfZbwUTwwncLerAlGDLlgzVcPIR
71866,7965,CynGFrcaSKrEYuQkNdxssZVcpZCeXsMcvvzKzcWiekLHgjpJLoYXRfytMcDEYaZACDaqkiZCqbiqQhdOl
53520,3080,vyHWBNSENxiTycrWbOEMtuiwhORoixBqLgCGFVzFgBhTLMXZQCUMLkijPejZVQrddoYQYjgRPCdZPCv
11706,1756,tgEKRnNMsZVTJjtKYEuJpuWhMpJDRVCBDwGFWTkSveUfcDTJGpAovMhehJifMbzexXBUHHnxqSjmGI
48909,1031,UIyZpZBBTdShQqdoFhFgZvGFNmrHWFpC
38698,1889,EhmyqGVrHioHPDEVGbyycsoYfoSzXFzcAbzBXaVmHPnZtPKvXVHlsLMbRjxQpMVZyjcsaEPyVzboFYBcAaxhYgsSjngbIP
13533,9152,QfHlphVOfhOibp
93393,8925,XDWejmeEFZ
51382,4428,GqFpeGLZbGrDbzYapvdQJR
52283,3579,FFHwHPzhNUDeFywQxDiPWwUlgXrGFLSoYbBnFUvXLIDGDHTOGFSwRvaZnhtvOFeUFgPyZMtASdNebVZQzGcHE
56029,6359,NzwOdekHeGjuvWRQUhikOzLyvhNyMZnxHVTSLnPwPU
15654,2872,JPjfsQTaKmmKyWslvZlIJbIeTTYCDWwmlbiBddttStLggrtcXtIexSsb
28524,4340,rPxwQBZildsMEWDGDSCepiifDWWokXZ
46470,6330,MkPsSeRrYONXWWnGtmnCeXhgqqEUFZbfHZVNWJCGjsIDfqxuJoPAkaNHwaeUUeUiiLbDbgmtaeFIhvJojmhe
75020,3164,fuEHTlgjeLfJopENRQcYKeNksrplyKXTwngNrtFlZwxlLnxDpiwUyLMLbvvfPAlEMEEyyTFkBtFlIfCsmwxdSYTsnWuwd
98238,9414,EDncQqIYcVQEubHLMTFqonrHpsKprggOuOHYYfgoMHwySqFRMaOgausKhhhSSxEpFoKRbBZyXsmnCt
14017,9042,kynmbffisZsTas
12091,4895,oGVaCPuHpABmmacxEYrxfevCynVGRgAbWpiIndPzqzeeqSMfXCurBOsBargpzyWHXsSq
56550,3028,tlFXAvRwcSuVJstWcLcLcoClZXcAeRLHJNePDYXzXuPRCZtRlBmXtUHoRpwPUVQyA
19603,2780,EJAnfBHnGWPksFQMNMJRnYKENHlHMLPrFFjpSiEtqpI
13229,2431,rMwmgcuNryxbmstiZaJOkayqWOaveqMXuIXJFJtBAyinqPJmdcC
20800,4383,NDjxHiggSCQjEjWVrBxnGIbATuafsspajA
89496,6258,BBdMrYnmfiwxi
35212,3643,HAMtTQPEjNBrQkQKeJXTMlK
14691,9737,vhMJlJaPeTgXbmkLmYhlNVtSncmAKqygJteXyOxacIFnrOVTPkoGPDjhORAImtAAVBITtwIxBRAyVfceh
70305,2060,rDHkhNRDRrSvs
87935,4311,gXftnYtaPcwmuRNckGJREofguSVaLeQlWGIfTJwZprjYoxIV
84039,8810,jJrymlwnbjZBJmvDvZDvGdagetCduhCFxjgeiZQrRALxyHKGpisWrcbKyJrHmzFrQDefpVdrEaapaOToTR
29237,2713,JGhnoFvbMtzzFopLONvkEnQgTgwbQMSoXVmFOUDbBziYCmNsfTIprskNPGyAuzsJbcPFqzMIwTVhmXGpwPBtrlOozOE
34365,5201,nDNYxNMlmoawYCflvYAmohGBndgIaw
65347,5415,jMkNkZvjBwVhogfcDJDMXgVkGkepLFhqrJUyyKCwydYzERG
83977,7310,WxAKsjsWrwCmH
63897,4389,ykDKFphcvUapDyjYBlmlKtoVskILoTSzfAJBtYZtdEUoHBVMujXfgVPbhkedCIg
12743,5361,JzweUPirvjOwAnIkFMsgOD
24667,9369,eAulQpjvTPVgbhwAfyEGLlNmHVJSsEVtFOsrFnHcsatsQGLbMd
75344,4840,lHrllWQlacKovIsh
36565,4153,SUxjdQweMXdYYndSEVJlUUUreNlEkJwZGXuMZGaD
83380,1544,msDcZYdgCSTIJObsGxvtllUplbDdDFVAFqpUblpawulEfTSEdZzAVgeQTVQFYsrDRsXGmDSDOELPdIQTJyPpFe
89515,9555,jYcNVregZcNuZ
91080,7918,QnesmUsRZDYysYqLocdhSTpmRIbaZdNREuhgCkGkGkXn
66137,9863,GFdKgCnNWMrNAzIcuOUvnRCYdGBbfyWVoEHWSKOB
77918,1128,AcHYmgzyMprgGdWnUVVWlQSENJkDzPYx
44909,9014,nTJVsBWUoyaElHqHwfagDCwFGrUQOncqir
57857,4251,cXUJcoXhldaihppsKjMRwtbJsQWtuemVxGLWrHuYDIKiZEHXFTWuIzIixkXjpSBXvKhMJviP
44826,3471,rJQmcJdgpRLiwvfjEwMTYgdnkisLYhsUVgRsetpxLcWrgFjbIWZOVfwDgNcnSDZfIHyBXkwoDsvNMYKaWEUNknTDFYPovc
22237,3626,SfKpWzmyrNvZbNgSjxSxAZVrrlzMxOBZRexPdTLFNrOeOlYoFVxNVOvWYRkJp
23016,8920,GABEOHtDbEuyDrZtqSZSfQNsDfKsiEIcgtvnsbZZgzTLmKQiwvsLYMGoFtZqMUPRivHMUkCdLi
68094,3462,KPkamsdBQbTUNdSkWsGySFlsSfxBXzUDQRStNPCZiEuBuYNRMNWhkNSSivnd
63437,9861,cwKztnxDMrqkRWxafOKGHRhmMlHIOkZQjReZYgxJYDkkZEbFDhwLwQnFRjIuHeJPMB
86375,6348,UGmXMpwjyPcWGqfSSNAdMowaDSFoffLFjpOFVNdFK
45411,4242,sQJgUXhefUROPtydsZJqQXdlST
86175,4861,wVVAhFvINixUdiDtDWVSblbYWYDVSzMFAxSHmuUuObYKFGcNgtG
52047,6546,wbezlXLCTNgjmQCFWyFKdXXALbvHvTsgnBxcrRWFXVpTvRPKLQNLyarsLkbTEJKwdSBBqZgpkaCPGBR
61652,3061,rLYNoxzvKhsNNaLuqtmonCBmwTslerOSDYSzRlIM
61420,7470,lHlymMQFNOzHVGgOpoyUvUKZrrdKmvrYZEifYkThGfqvrFsBwsUStwynnTrlJfKuPoJOs
85304,2992,xnRKBNojFRoxKgDUohRxowjpHUDxcp
51373,6240,MkgPyEONhbNIbvxAHjsYgWVNgMmRTdbKmJgkexRWOteLoRfUyEYVRLWkiM
13039,6513,ABAuYrOKuIAxFbOzEtrL
50852,9594,efDdTpHfgquwrcbUK
82225,1577,tMhoCrBUjuzUIqJjfNjePBX
45385,6779,rMJNRYGMBtZDsGdiMEQRjnRmBcVdreRjWgwfnICpJmthJBEnsgzLieAMxWPQcRsRVTKpDnPqLVNIWZI
92734,1723,mJzMnkVYAGVLQTdtgeULKaVZJzhsGcQsuNCHCBMvNyFZjVyazAYIOTbzKDpUECEYsDV
90582,8548,dDOCpepZINpKfTctJDlXdWANwOklpHvLtIuxmIPWMMLgEBBKsJDhovynljm
35910,5881,bIwxwJxgbhTJtUrXYIDXEcOiBkMKEUOYBTvVsjRkAYvAUeFHQomyPrrcNDWbUmHsQlAjpqWhMRGdWTmZXchdlBzpD
58585,5202,vzWLmrPXveHleaIaRziyfxHCXjCNeZqBdSdWdTWVMB
24957,8817,jPZrsqIKLBmxBanilAIvCriPWXdRuvhiOaFJaZPBlqk
24836,2675,JwfJxNyHcHElKgxdSSamuQLOpKKAMiaAcjcsWDRHkCzd
40752,5476,vUsIzIWdgLkFuimXFRmzGcdMRNfywGkiAmTmoJLrcja
54156,8048,WjktgNCiIObUtOUiYtkGyiPFQdkwKRoeTIEfOjJLpBkkKQZiKCqiBJuKBUlsDFXlXsBTkDspH
64728,3966,OimWmjjWMydlibMdXTCJIgaWijIHCWpwdnQHTlPBVQYMFJvLshObtBfitcwtmQBzNZeJFEvATgsabizHs
55881,3646,mQayZzpNugcqLLyIvacMLGqSLpCMQX
66673,6530,XJVpjHHilUK
38939,5674,LIlxUodBvuFfnwzihMlEJJvwLddEHCnCGfugYzLjhNtmPrjhDS
63280,5390,dJeQcyowrOUaRJEPEkZROgvRhgGjsdjlZVezRahFNAPyjdVkncCdVbEFkmAoCSE
45430,5311,fFScfxunqpwsbZkEUYtgxvVYBjqaYMhYitwfHDvsbdLNSawVkfZHgbbdYmiiwEwaDNBPJHeUnbYSeMNyPqupGTblyzA
36516,8120,ZvVxzzXZCyPHlixFE
22640,8935,lstqwilNFWdOYcLaCLGhXMSBFQLrpsjjMSzRertcSfBEheuUxvlFIKdMgZgSuNwbf
16757,2577,lqYCYyhSEXKrUtRRANbpbCZOBGOdZleLMeYlavkQDQowCJCMzZWdFavwuNUCYyIPiubBRYQKMETwXoaHOcJKceuNLNceBIe
54995,5869,vjfYznJZPaiMYiLxGrKYyqEqDzbJWjZcJpaizbBiBteGmSDvBPRluJVDHlmNWOwGWPDTuTrgINgzZEecedCjMhBlUYyNXdTPy
80514,5624,NIowGrpRSLUvlEbRDtv
83408,2402,uAgWiAVqpPAnQedoZfucBnmTHIEhtVDvvRRunqHoDLzLnINwsmuLUkUNxq
78752,4616,LjKwKpEwtHmJTdKxeDxwlxmrETeVPHGUpJpwnlshvgwsnRDaVobVcZwUoliaMGanopnyqpH
69786,9790,pwQXOshLCjbBOcvFPKcCJhJLHFKwlLgGCbwqdCVjnJWnH
47354,5311,NBoUyLDqNjymAVrgZUlrRQrmKLhxIafiayquQthLpLpioKUYCDNKlsBjuUD
86501,6243,KzeQBQOhTQcGVKNYEyNFXStBEFzeTw
30960,1013,vZirjGZXofLkpiWzuxYd
36247,3418,NspgiVFtcqAGzfvNWjtBZCxOs
79895,9952,rHkRPhQZZUCcayZKvrhURYNOgdeLkQYHVmv
52486,4406,ctgEesPWcYMeIqhQoljJzrPpteVxDGTNcfPvJPGvFfZuwEzPbzwxRrdjD
77851,2875,DfgtZmIpUORyCCxhDBkTHJTxxoRNdPklrjzOFocptChgINMFmcd
27132,7558,FMzvVtaLeZFQNCfWXXIbeBjYxvrfhilshzkCMaKPkwyWCpc
18088,8653,faBEGpZKWqbYABRFjbJqrqepjQlSaIfK
93690,5168,FkqjKvbIkhBgEZtFMbNdfuSG
28802,5674,zDNFsNRXTcvshjniTIgCvHgOmTftVhwQwtbxdqCYHPyeWvbXXyUgSDPWEOsHKdbuAGuwjQHZDaaaClkpZwI
87504,3460,uPzALBswHlSlZbkQRsdeRviEQGoTRDrNtCljXAJdLCiGeOjNtUJhYtMFXYeuQ
82814,9360,TWXeJhhbLPxyVtpUEkAd
83743,3859,SVwrExgKSNSGxTuLDwoUwxeGHdMYJqSoZxHZTgeuEcockjL
67932,3806,uUezabWusckUcfMUKxCLAfnxTEyYSyAiqzMpOobjfUBIkmdbSkNUVACSzonnYQbrymMfcKNdnMPQTxTlIK
57795,1591,xPYWiciBecMaakhHtPFekbLVzlZxfcdKdaLpWmSrxllDUEvDuWXVKMtPahiyZqjMWUDSeuIS
88802,3731,xLBXtwnDEKIadjuBMaNiy
18338,9862,cGSYfEhFYfoxNSp
65324,4860,ggkjxILxUoToAREEADCUOryeRrOIqtbUBrLddhGOtZFQgqnjZTBPkYgOXj
80254,5782,GTbWixXZJblMDMpcoNyWWAgEENPAIxIJQUoNGIipRHSwEaMvEZYRvtgxvkENKOsiF
20175,8639,MjAMtCGhdPDNnKUHyoFyqMpBKmTIpXKRbb
99858,2676,lmLNaXqVKBEyLMrbPAeqwurWYNXNYWEoMNgjkKrKomMCfumLOxRGuIgBwuCIidUWaXPXRNrVtqocXCzzB
68033,2128,VlNGlqrkMtgZyGKtNnqpodJYAQuYKbCaTUzVDOiMihFVWOZfMLPwRVFSyIf
18942,1064,IEmfREHAOapMjlDdtuEYeitzJzRIEelYqOCRxgVXZChVyRpDQQK
64213,8123,VLAQzVZtCTLFiEiP
11770,1162,LsLncbldeFHmrBUEFOYOYDfRhgodFCgjjbHPxhuGJVpU
72478,9800,zfvbsQsUqFrboVuVuwTemGQpvuOOedWNnzwNlXSUCcEJuqNbqgjy
59523,7273,xFvVhKwmyWzLZEEJwNqlxeOyzmzvSYDXibTXqOmaPBEQYxUrmERWkoLYHnNHfPmBYLtDXOmLgJNEbgMtLLfOVuJOASjTwZDxCqD
73914,9458,kxjuSYBcTBdhyujrsbbXkBQKqzwOhPSpgPzReslOiAQynfOiOYZZByuJMPYNEhsDxKmzCFkTbFKJadzVnLzrviovZQjbjFANu
44650,8003,TwEtQESSRpVgDwbCaLmyYryaLjvnFtQavcQyygaLfvMenNkbEzMRVmutAHqkEjqsWlIKAZWktFRCUIFmsqhFZnTGaRSYAqbFGm
18473,3870,jfEqRYvtaXUqbjtRSvAwrIzJRzBLonJLp
11478,7677,FNIKfVzYZCyNTKAQrhEfEzNpcyAmZQxEtfjxDrZdKPjiBjtOyRQlnqCRlj
60514,3031,dMXluTZAtdCoTGgmAywKmAnSQ
20935,5529,CmjJVszPvRNeCACudOeMLGyScmCiHMzTVYncJQzKzYfQXgsTCsUjWmJZlgnWWMXArYOsPqrolZqFSIfiSShcBWNUCrrMMk
89737,1140,kfEnIVCbNPziycmyTxfpvNKhEyunNXqtfjHLrJwGeXuTKagEdzuQgsNyNiTzSHKLtaZWuIFEdPWeNLrFMyyqV
31376,9690,yFaOGhpNjtSZFOCnvvHyRBZxWyRDGeGVYcrzqEsLIJNsTFlwhkVnOsJxGVEuLQAhxUyMTQnStZjAvOShADArgCe
14999,4408,eQzbuozXnheuAHMVJIiAt
72303,4733,HxNwkzNMIz
37352,5165,miSbzShLVVOdGXJIkNBNMhSvXvvVUIwpXduRqtVjVEVzGWgmUIeUL
40556,7749,wxGPYSRZqzSunShsrSzOUracwRTrVIim
32017,8238,XhvNgKbtJEuihRxWFUUtlgRmlMNKcyQzgENcQJRBdCWXQiqptQIiWfZMSshNsZeePMiXfejBbrQer
93343,9130,dlJIOegHxbbslSBPS
87136,3129,SQXpaKfodHAtlgVmIhpH
85395,1080,cDITvqfhjkUeYnEdgVzqPVVrspLTzvjoqmOGEGCaoDCgWVJmVtUxgxxeIgFbtCIlpjYFhRoCVHjJgIBCXGAx
61810,3945,kjBpPAkTbohCTPmwVgkcfCLBUdYjEkM
53620,9031,ovgbkqigZbjtrkvdnEXoEdoYzPPVzuGQHTqVGpHSgvThJKziCJmYfnhTFloXTuTDq
71790,4698,VFvISCFLJTtSyFMKBhWBHknhFCLlqddypwpmPKfdeMHKy
89868,5758,StStpQKXAxxXFxfWWdSvfCSpoYkzuedGByIVqVgmNGwyzTjQSctpNOFNYZPkzAxgXhuOCgXFq
34893,5218,TmiWQEIfGDueTvaFTLfNiFCjWhJvTsyityaeoNSdKIvsgxPrMdzJiADTgUBlQlucUntcUrzoUgTFhXdWJjkH
10240,1170,XWPNomtrmLsLcABFyBunlTBNEWelOk
90674,7648,COrmdUqbCDconRpxYJYFNlvDkZKzUcvygikYyurLCwwNuyVrHGWSElUoUWvezCOVMawXSmlyhpcQpVHeRSUWDdkgZbiwcemzktDP
62466,6620,QeYUHBluHwJeTTnhpAyu
82076,7104,caCIuqesukNZtrvvcCLZVQxKLHRrMUdIiEOkSkKKCLVvFXVMgYevZnSCnmMzBVDupXEkGRMSheadmZBmAcZuXBUWoRwCF
68169,9922,wgUvWxxJKIHAlqIZryMkHpfoTLFMqFJnUXaRpTeLZyfFQNMZljkCzQXSmFkjCLnjdBtNDFWqrjEERECVkxuwAUhJv
78721,5389,rkPYpheHsImBuLkhzYmxKshzFTsxhJkfS
31362,6343,dCKGwQInkvfsUTktEeoTGeEwMVDThQMRHZrxxBUwPRlPZQZXOfynGPjQDPWYjbBNKxrIWMZoDTZcevywXlC
67754,9077,uAhPIGArgCTAmqjotKneukaPFZmkSVAasPsEai
43227,3938,DKXdqlbInjORVWKzgKEbqIHLPbVEXQTmJrdVppNqfKBiPxXxp
37358,4910,XZNXJSLyogrnGIefiVxvGThXgIyryLHhWlBXyJSITGAKatAkFdnCehr
20598,8853,fiyNtEzXnxOeIzZMvIJADAefqjZGqobogWPOLRVIaldNzGYYApysqZEiaGxpNXxMLUICPKrIGFamEDLUoAkwzsobWRIzTnTTyrW
93296,2838,VLpLEhvJaDGNNJkfTcZMbTKROBlAkDDzMJQBKHdxyFjOPlHOtMCmArEiVaIFbZuUxjdTPwIOGkXNjABuGeDnbizmOxnoPebRY
45303,5296,npzFpSrPRjqBTUUKGdEooKtdaMvRCkDNRkdKWKaG
24524,8164,odiGpEonTQRVkNJcezPDkCISgAYoumvVNArLiuCvLOIYVmJjUfJuCyFyBtwEdfakXXupXllvyQRuGctsfMLIUcELQAYVPeOGgQEv
84399,6061,CaWENJnAaFixzAylTcTtDjCaEGMhvXXxyJTBbuukAjSSAbfHpOkUTIjAmWHCbSdKJnHarBsCCZOsREYYCsAJpHNTypKjVql
88974,1670,DIetkAPBFYVNzkjHoUmOYHHOVDlkhnKDkfeWtuvRSjgMLwZeTjIKPLbyvGqgJdlt
44015,4664,iJbmlSSugqyNTtoDf
24337,8781,QQkcZDlJdttmUViWhPSvKGKZAIoleoWEgnFElHrEbtIYtPSdqaVczIvtohAJnsShhQevZSevvstZeCFfwIxPueDrIvks
24985,7763,lSetDYIYiqFKVvYgVxsIQDlIKqZtQMqXMxqJWCsEnLwwXNQBqFadEYKth
45544,3605,sdkNTAaopJXCJDbrAvXTWzciDjHiFOVaTdkWWRguczqLKZAnGopWDLFqdDVDdpXlMfQrOYJcqoWskalSF
11901,4412,hHgApRXxNz
31180,8193,YEnNqwlgTwemXzvMckMazGzOrGnxIziygKlstTbDaROUlbdXihkwRefZAsQJm
34032,4323,hhctIJtoyDWdLTIAoaAqfGAkeBmSdepzNXTOYEbyVKdDephgjzUMdQiSkUrYGXCsCfzEOTQEXEyIgkyL
44558,1548,fjxsbMTpgnhbAfXsHqDDFfsyveoUDEqfvJKWrtNVypOBRaYvnFWFnLTPFVFSJqqcETfNdXgPGkN
43538,5004,syFJoJStyyGLMpxMHvlBevqnnQHpXuTTmyguQpLOVilPSZjVuNRzhPAlYUPcrFLLNqbFFEUkbxJmZiGvNKugWasTozfN
33220,8357,UHAchOhgZzHHKpOTfhsQeeWfWGCNQqTyQlFFeuyaLjiGenmkiQkpzrWdegeYEgwbPEIxUWujljFBrQSjZGZpXgkyIRtZN
70512,8780,nEitdpOSODyjeeuahkceGodZLvKHvLgGenFYFAUnhDynpbIIHFQQbCKYwAAwbJEWxHDqssjpjWKQjaRFfvyhoBiNaNSmdgS
95031,4831,xmDWkmcBmLLlwOHTnzcaViFHNXvARBiFJEnFmxJUiJAQmtHxzKNVHkwsp
36975,7462,jKypAHUTCqNvWlGISUhHXwCTctZLvhhOcCDZidQNgQAWRDJJFfuxkRUROnUmdSXjvqpLPah
60715,6640,OcPKmmHmjUEPjeEVKxWGJlUqGLJbZYJYSUBAfSkDKCePPWTJZaLvZFO
98304,2910,hBkJpjIPPnDbfrizgWXatlq
27825,1555,FIhWjxLZpaiCFuoLAoJQUCchlyUsWWWBrZFEjoad
11454,2521,xGkllEYvPNispwAdfIkEbkACyIgSYaZeJaQyXQESgbGoeGUdLZvnULdlkXDvNkVjVccBeuUPWfnMGmRAtZDoDHRYiUOhqdQ
22767,1411,DnaAEWhHBoWZXLIdluzrGavxsQjr
85497,8737,NtXRGlkPUzeSSWJlavkSLiLDuIFFw
60102,3028,uDDbWfQRfopaDgyHGBmUVFdlVGCjgqUMKvqfzTVnOI
36450,9201,GrebWRsxWWbpqMofXkmpzNzssftVNQxwxYYuRzsvAHIVMxAckusVgijdqmjcKgQcEwfqJgaLdpyYlduUHFFmlINCAd
38580,5525,qRsaPqqgKuCMRnWGDAmAGsmSufhTfObinDRldxVariNenKCIjbHJqlHmWrrWfhIRhQlty
71170,7626,EGgEopKothoBKNKdrEJCW
97349,9833,SJrqBaWKRYtSHydbLQKbKXPtcsiBoLMCEArgfUSQRoxuViPIwrlvZrRLyTNIOOsooRllLmzBMsAasT
90682,7072,ZboOwObilpfXrgMSXQLxuLiFhaTRVOwuKkazCUaBynuGasDODDaDAFZruPKqZqcCKAUkzUwFQmq
61940,9613,SmwSCaeLGTXvLqsflKGURfKtoikgKKDNqXovVYxBXZCqzbYGideJPmGaZ
62846,2525,FnzAkwbwBCJ
16120,5911,kLEaKttPTE
20217,8164,aCOuSfutsQDyLlTitmxCoERCRpsRTQGqCWCgFBuEqGcbVZhWOSH
81328,2085,tnbrqCphFYqmIIfMAwjUcxVkcukVzyDujUGjFayjWJFcJKUgdZJMbuMVAvrCZOzoTSZMeBadDqfBBSvmslHyDnowpyjD
59283,4687,TNLsOCybHYsmWztnWvzDhpuAbZsOZHQiFyQBPsIMZijvMmjjlyQmZoXjgwdvfOucJRlmDBwsWNNUiSJOyWTZalqxfNtmfuNsuc
69157,9639,fZyTWnooKsoivWWsyCuTfSNk
94204,6839,EghrgXbyytaPjNgavGLgKpozSgGeJbByudSnqLeoDTmHarWSOd
94394,4614,PPoIrjvGzDyiVCgguQkzTtqRItJtgfgvJmMMVzFdwmcRNmDMKfnASkUZEUzFjnZViYBBgvYEPWVoaGnwrvjnwuTpAInNSDXQQcsj
40986,4023,SxiaDXkodXbFKsgwrWbwloJJQDVcobhERdyTpKMSgllbjMHYFHdGZUxGRjUVXgVhmAdNTVxGxAwuWwkMSFcMFdhbnMjSTlnLJ
17773,2206,KvzhOZoyXmflEdXJBSwEzZPhGrpGnGgSPTUTshnhYaVrotY
35535,4345,WPHyHFqrtrziwI
42951,9267,HjXddxEMJlSNyHNWGzJBacaZFXaZRsmDBmoekEPWxWDBAcvSFaAHMTeuPQfeeVDBqDXuWkSEfrtNwgXUtNhR
31315,8729,fQUkVWVJnoSUaQPIIeGtKtrznczWWOXyeerKyoHbjGSzWfVoJYLVgqTdMjTJOQqIwxezZLl
66876,1449,txxSIMdDgPxdMLRvpDy
61101,2553,IEayxGDBOKNoWtUMPazPuuEAdybZtLOtdDAXMIjenuyKhnmoJrifzWUiCXWSyDOR
67170,8327,PyUcCvtScqzWlRtxfAgJNuYAWlIGouGJeXHAYDKkxMppMxrrzVsbqNBauSclobZYxnoOMIMob
90955,7955,eXqsgiRsuSZllOcsTprxlQlaRypQ
46409,3430,yypExdQbEdWHvgSrJNyrPwO
94182,8846,DmVlMnIRYRqjppByDchYSMzEcZHn
89872,5356,zdYnpmqrOBBriUW
58444,1572,KTDScmpZTX
94152,3466,IgAaYUruRFPwmvyKRIKru
39674,9895,hmdfYpRLpdXMReoINwxWOFZFKSAsbKVFZReUtdQsWjjQwYUccGjBLxqqKjPGAqDgApUBUxrnwdMAMuQIybRce
78962,1008,hZETySxMBvkBrcOVd
87610,6585,pqjgxFeGmbjsvGLNXVpWfUTMjphxNPzHjiTCbsNZgNFQVneWBzPtYaimeFzIifWFIXYCgTRDptd
65920,2573,RKgsjAcmtcuZ
18573,4091,efdNlriGXlpUTgudNAcsPexLFyafvXXZUGaWLsMbEuXGfToAUWmulcBJYxYSVWAJHebnCdMvvwzODLjWvGVQTevCWrBKdahtt
99408,8899,kyRMspkLGZSshQMQIJZmNCjEamyfNdhbfIabNZeynGhFvEpZFAjoHT
74686,1426,vdNJnXbyXDnHIdnfa
78648,2193,jEWmKxFVWWbfmNcCWOPEsgMbLojGIJF
59709,6190,dSIzQEUJzRyXvqumuhMrKzbFrvPmNzpkNokDz
27696,2550,xyiZZjWGdALMlBdZDWycBuJWhjqMZZyVsTuXIrewZgvfqWpxdjeqxQNKYuRvwIxipZsxkPJekpHCsSzjuDvHfrv
41380,9548,oRncpZUJWEWHVhVgobZnoqdOJjtLZktGlBQyEIORcoyDYhWHjPCTzaTPeeWlLCyyIXJKKelhyWCtXLVxLYH
16826,2690,urENPSrUsTvDpXboexAEnVeMruXpq
35023,4615,qDbxBoZwWJumAMkVFmdhvviKdOokltyTJlfyQnrtTxTjItHWhHpWUENCnwqvncXHvbwesJDSoUFsCzbCtretZpDY
93172,7710,lfGbkNKhaSyvRwjeEhtLcNfcPsxvgiqFlGpaDWpLGmahdrSDFbPaduJXRzRmkionZhmf
16431,5503,GFikgtAkrmbMwAgDtFpIEgBPjdLXvfzzhAqscoofTblwoBRZPx
94435,9868,VyfrBjBFpdDEKBDzBciYAvJwIDfwerfRKaOgLnqJATvsNhUUNpVTp
52860,9538,bTlGUrRumLDklTayJXoGsfnHhisLXoxdysYuZdrUrEm
55123,2919,UptAfFzAmJRfaoahpSMboRGWQbLEXATmlLxqPMvgWaCGGTnfoUODBXfDmpbTmXxYksHKWderYtSJxcI
48762,5473,dupcFMBNkmTJLpLBYHJkzqqFAeJzLNSqFKRqWnIoHIffmPcbjjNBomYwxjMKgtyUSPOgHxeWifYaU
17410,4858,TWXJPhZaWPlhKPBxmEnbWOJvsNnQTLdKNpnxqhPzGLPwgqOZOLbBsB
83904,4251,paLGoCigDiikZNUGimthbLbrdGpgc
20651,3735,QEPTzNmVNvXVKLCRxnvZvCFWAPzzbHSZkRHukgShCqWCijYtrtNBOTtyGaDLZBTbDBJwQsAgnadiaLExae
71285,6434,wyPRPuprjpAzKTPMjRuqVnfYGyZKGFjtXElIJHMqyEfQCuXVkIGWWfamEDUzNGPQzZyn
55511,2308,xtuztLlUpAYQccLBoGkXMkokbxKiDIvwkufEs
61036,1623,OfTBgXdDoCRR
88298,4353,HqAcMhqPrCKFSHHOAJHnmJfwHRRjCdgmWKDoCuILfgFYASlOyvRqmYIpAHtxhKaTQvzqfPTiHLtLLIaI
30153,1298,tVVmqQykAFqLOgAnFMQIzbYNFdFSOybwhQxcMpwMMWBCfvEd
63600,6770,ISeFvsYdeVpcewjolrvpefBBPklRELEbDqLcteeoVhJmRKXStdxYPdIvnxMJMFQvo
60839,1688,APfshXNpfdTpinnmWvTIwMYanamQDImYyVmNVEDUYPYHNtxqJGcqNDQHjHvDZSmDIgvHUA
12245,7806,tOEehvhzLSWMtIhRqFUmvyCowydESttnncWCTajbThmadPGnOxNVGCHCJQLhSdFHDaIONkjKbklxGqrCaPpXwhFaftvvSyEp
66345,7068,kWWvKWRGirYNZdOQE
37115,9357,ipFndRbwfpcwiqZkzRWnJyKOEKIlhfUaPMUJZnsKWIqfHhnniVHgSSzBCoNYdJIvzdbNYe
18575,6141,IPwpZpDUojCgMjiLwaoeheESjTcoLkbrwANRLhRhhClsmECvtGSaSIaMzSdFjAqNdGcWlKNbRTbmoABopmoAbJjxFMYOCMlKzVbe
23478,9436,QmmBMSOQXAljtixBlvwCsADBJgJrPgZCuAkyvmXFHfbTrHBIIejUpMEfdcfUBRmeSwNlrbUhFKXLIJdsAyDicofaowphrjfWC
61188,2278,SFbwugsDwcBiwNSJbsutXHqLsyNRxXuXUXWW
96049,9860,YKpsUlQCXetuYUYcoHxEvYvBxubrjqSgAtQrHWXUZrudWIMeppBIGbpwgdrsdny
44229,6364,mycvrCcqaDhXGLifXzanAMNuwbjMOJdCNnmsJSBikExjurELafNrYnUrLKRieKnZYFxSLzpU
89348,7355,HlzRDEjqetdHGRjMXpDWuYsqDhoFElFBpuBzbywqQjmnNjqxxi
90673,7899,yJmZjJVdSkTPxyJczkuNlSKtTSJouiQYSJGRiDYzhxfBnpGfMvZkgbCUTEBgojLGdcJjW
57539,3360,YPrOYmvsRmXHi
44290,2256,YQbzswkkDSaQNvTVArszsYHlzROW
99190,8818,vukOIZmEsSVYOxsvPNTtxfsLYWcBgoNMcxhtFPEjnxUozPWOGxjVinylJf
90636,5685,xqnaPOvCjwADfgNBzcQpUYSOHRelAqsAZwonIstyygKgYvAwyToHhwbElKHGVvjzHGjyvGDsiNKjQLj
71785,5349,EPpRHYrUmdAbJinEzeMqPXNVSlgkkUsJJBjkxTwAbzdhNsCchvCYbgNlPsoUJZovtDoNyQaM
71623,6051,VDSSRhFBKQQunvckezJntVkJEwDZxD
28679,6114,FWEpYZyKKJtKPSzKCweTvCrHSYByag
71582,9902,qkvfVMwPEdzdpNVPWnmsmgqzGmSXDfUSwRaWauo
41530,8219,OXGrcJnWQNaDLahCtPdsPV
88975,3845,kBQHDRQElwXLbVKzzzybZrpyIxqvfxyPRfRnQ
91983,8178,RsUTsTYZMZUuGtuXOkHbXcOBvcubRKTkYnQRklxpCcYvJNfvkwlpETMCZsgWmwLWXxPTeGOIuWQLAnpWahue
20882,4494,MWZfpiMYJcOrLRwXmtwQOLSy
70813,6651,EpizIcYKNArQFXodLBsKyKiHYFwwpsgtfCyufnKqjoHHucSvwiyyDMtzNksRonuRPeipwsMTkFNcmxPurrcLAq
72156,3912,kAsosJqzZWoIRAxqWUjOzkIrnlVOvTV
47779,3778,OqavGRdgQwzpyhrFHTGaIMcplqfjXsZYVEBkKcEZLaYbUaOddZuerDlOaVKFXAfzNNJFXpoqWZnZ
29151,6077,vTNIfazgmLTPlakIQvpIJNOkxgLNasNvJQcnUFraKUjRwXnqbsjVayzAuVhZJFVoFzaUV
16837,8650,JkjCAqSETaPosByLAOSsjuybpuqnIFzeMHVBUWmfWGYmWQoJVPnPozbsCFINQXrOLrViFMXwKFmEzxHUC
29341,9069,pCbthQMbqvFbPZQgkfhjtVMrtFduWoRfYDrHVOwsIXlpeLOZHSyuOOxw
55819,9390,AXjyODUJbQCuVSDhIXnTOuOuiXJEZKayHHxGfSDwHfJQFItvBvTyEGQQeuytFnsvWGtzzuWKV
53138,1939,noEkjyMjaEppoBtPZmz
98394,3912,PzlDkMwmfDUTIJhCuZCKODWQOdFPdDYUAGmFbtnSiaDxywTIvdThLRpWOViZYxxutOaAHHxDXppMBD
89415,2042,lmcGCyCEPsNYKyfRsKZfczEwhIpVmTiymQlWFGatRbGAXDmISGQXiAblqNBCpXniZygyCKLgOHZtuubUjprkpFgU
99729,9216,NVkuNPtDnvDVclEHb
73417,3562,ySOQdLMcnVTWPRLMUaNODnCqxluLuDVXXnzUoD
30244,3704,dGphasXlgGkViPLBZnsxGxEQvOOMAdbRETkPuXeZzqOCxykffNpNcSRSiYklZHEAgcdSEvFEbjkIOE
83792,4142,bLtyFIYbdNqLIRzsmXouqkQAIfvMdtTrhZAvx
91451,9766,RZDQOnhQwOQhEzJIDOtNqzuyuiVjyJFbbPpmU
99335,1134,IamPkjWCurSnNnPpfWIxGQoWexfTTbSNGcUUoIKYOMmH
37624,4677,BhpzJPbcmjKZuYdLxjhPpAxsbZUZYneyQwxbbJkRjdNzwqgVtRLHVOMabFRSxXYmPAqrOWIdmxyySZpE
22536,1821,KqvdaXnrBjFYvyYsuujdSzIoXKCQQNmQehMlgOlPXWwyTcRgNJTprHmTRQBTyOxIMqSDUpyuNx
34274,8871,IsmjlzkjsINGdpIbHMLkbgqrQwWKfDstmsPepTKZboTbZzfksiNfFpSYzyDcmBchqtgKncxFFxigUqXjjzdQP
85550,8013,HFecVrsHBKcfuofryqtBOGnTdYGDZvvTmQosEPLVhEqaibmdmJGbQJNEfaixXboeq
22435,1153,vnblWoHbrVE
69864,2602,XpfVoUFfpnfpNkEXCQCbbtOBUYlwtBgdJ
78968,8646,sQGDfIUvUuTFPJhcFUezwhcTtdcqGoNXZIsrfXBzLDBbMMZzSCXEOnSzgfLeAjCFraHwojV
31750,9693,WtytCdEjDyqtSdvspZmCJluowwJGwyp
72677,2330,gQtKihVbnEQQzIUAmVqLzyTLZmwcpCARYfQdMBwLuiENvGJIxCdinomVCLXTFOiNqZHsdgstidhMpzHlCgR
75326,9921,FwfuRYPuYedaNcyXeTkfIOYX
56904,9851,KgpaKyhZXlmDcXftrVHbQhIFJMQRcqAXnrMYJkbdYOyuJyJjAtDKIeqEKJWbhf
17677,1985,kixJyUayfhFwvVSMtqKeTaidbYXvFHYcTrHBZALCbYaqfCKaMLzglEwSGlZLBmDNMLs
91119,5762,XgiqLEXZCNabjydbjgumhhhBISFg
95959,2098,MUoPSRskXZAvchBIkzgVgROzzSwKrInPqEFGJset
42335,5172,oHXeSTrWGPhtTzvmSVdDUZSEi
29489,7962,iFVChkBJWZARgCOyxKIrmkqLwHqNFsCFncDjXqRRJhKKTMbycbDRxFPoNgFMZROqorVmJdDzUblOYdxYFrrlAHueGYGnY
52575,3497,cdVWoHQIUYQMNfSxCcEcCkRomSbeeYBjNdcjGQPEhsmuoyQkniMLQfgFmzJYPLZzaARUFQxeaJ
40064,2913,LVzIDkwegkJUhjdqEfswnmFnpkXHQTUqtYEZamEOucWnotSUJXDXrOblhlZHbvXgpxwsfKazORypTKNZinKNTber
47207,7326,mJyiiSadzlFhhjriTeAheKgtyhp
54676,5851,guardIkXQirzisweHHpXYfjkuPmprHZvNbuXHRXXPVRcVpPHleaRLPXHFlvXIPyEGYeNAirPfbgbugLNRQJIykdIpaiMhI
64738,8998,OoFwkWAtIBSAikYggjPgcUijvmcreRFMBWKBrgsIgvdAuoJxDUXLQFNMPQQNQBANIxWtefCoFHJkhNpOFjpLO
91729,5584,dhQeVmbrggPSlwsGwiGtfXuMHUFUtMYBmOLgqsb
71768,5236,wPBnqUGkpyAozCgeSfvJqkobbDUsTigzwoGGlDjLkdzqEAcjtONGwFVbTzJchdcLfkPSsCVLWVwNMdmIoMoCfCeedlgTV
12751,8625,dvyXvaexkNzhZuNGJxTKhfkHDONPoXFupPg
73915,1511,FCrOtFRvzpFNZotveMnJlecNFLCVtiWHUrjlEBYJPcNpjHlDfwFPzREqCCctjDhbI
23009,7380,ouyibkHlYTDrgJoWHcUqZLaLSBIjFCbcCQyGtaQggRxfExcjYSHqxKYuUelfWFXhUiNBk
92484,9181,LQaBNLOAwq
25486,6458,bNixuLDovJuRrUSIDhtTBLjQPHgEHbulRbtliUXHBrDxsMOzzBdHjd
55430,6783,wGJMRqEJyQnbWjEFYwKvwrSUrvgmaMeIjrxwQRwlMXMqicMIpveGYMtqLAJdKs
76026,1502,SPtyCXxDNJIbKrwUJWRwbOeUSEQqkxbvHXRwUfbWDjPgCjGifwLWlxwFTwZzdXGMAw
56605,5835,ZFIpPNrNVpwIAiLTPnjlxgqiWsXelUZbPBIBiwuraTWPWPIpgbNiARSIX
30996,6975,gKUoTutkpAgVQGxCTSSNfzBiJXIVCqeeOumqhMGifGMdqISIQJweeWvayriIcJTDzILCFREXoOo
58504,3995,UbhWsrWWrGvEJDGZOPWaqrRz
43050,5154,EpLMmaFPFHod
99168,7217,PclzrSrTycumA
14211,8765,QcCcQWnblxpNKYcjWoGpOGMFqpXRtyvgBlabtvCMOVAPaRLqjCz
69173,7938,SYbjDwyRalmRiyFpcrvrhKv
58700,2350,bPZGTWZkiZUzHHffVTUzPcpfvxmKXvvIenNwRCDEzdZkcxJJeEGTltBoqKQxcgcHEtzGnIyfkLmViUNrhauQRsgueAxrpywcpzAA
49522,9141,KuCoBikatQxfaTkjjvImwjAlSYPwaHqdSgeOUhxgKO
47792,6231,ZpEuLyvvJiFOGAClAqPkDSUqJnwwaxmnpsUUwgCHTPyqRYbWSTXTdCQefkFjiqcvIhyxYzUbQjTsHkkCqJtiZPYt
60637,8019,WbtrVbgMmssFSNppzbgJjzghoJKHggQdrwmUNfOwgqCzlAWmwUWfIDvCJaHRjfwuVjfjvaKbhxUWutKBmNmEQxNGdTDjvhrkexJC
14790,4745,ZKsCpNDvbuFgjZUXZhQLKRfTzzRhTcPHDxjUmdlGYwEqgtObzwQjbnspfz
27115,6258,ZspujTOYudIb
82640,3560,bMZsGAqlOSpIZPjRJWATipYnPwGNU
86946,3314,EkHBzmxigKSQKldfdzYxRnLSRgAwQkZHtrvpjURDXmUBbygDryUdRMbNkACEswNkYehbCzyksMkOX
98222,7183,ccqfQRtvqenYoGlkHICxzQqXnCxkLmDLZqsgJBPlvKsJmDOQHEoBYGAGswyLsDXLJCHqRBZkgksT
62688,5699,dwBRNIQGdWIq
69538,6690,FXNTRCsRmukdRqPbDKwDKfsNbtUiodzEVKdHTjPWkPgFujlKusMXtM
33454,5566,lelizgNizJJourxFnDXziIEmPwABYgvcwaVvqbLUgYgppnQgkVWenaUGCXJDJlaxZxkAVSHkrPg
67534,4341,sIsaeEJDtGFVxueTmymUanDqbvSRwTIkTuzclzGjxEIyzUlPNoosrwUQJSPBzGovPrRIghFBLWXakjNbhX
75281,7222,OHjOVjAdSrJuczsFDugynqUDnmKCSTLwqsyKDxflLezouFeArnkxbPutXuyZllICenSvGbX
59433,4070,GbEzFWuVirJhTMFzkTiPuJDmZjgbnheCydyUWHemAnddDjpxxrvnegqORzGgORNyOrVgwLswAECvwcPLYKfnYv
83787,4225,xRUfyYWefgPCrjnKzBxiWgACPIuiEIW
73375,6881,FeXIzHuTdhpvJjNUghJOSOWdzTzNQtbEMPclbIZOTmsZiYslFpWIRAuPuuk
23285,1777,edduCnjalcYHfHSJIghQwBIdKMhWefeHBMMAmsFweOXLyZIMhOhoSBPGDHRe
62150,3628,SbBPKdzWYqIUbTBhvrMpwDNQwVRBwPlRLlpPwVfPQXZfaYtdQUyWWPnVUIWxuxoKECeTBCOsFeIyaskgpQvuYbYgINiSbTcafH
87099,3772,PamJgLCLqlAtjyFzABzYudBUPaBeOCABjqSqJYZdJzVdOHyPCAIEzhzTQXaikoGoZceQfd
41125,4129,TgSQHuTYkteWGZENavCuWjmUzGnRsTENWfHykgkwxnZydRlZnFpwGGlVhQCrWZnqStMrc
19118,4658,nbxArVYeyLnjbcYzuoJhpq
63780,2604,FQfCuDznYxxBlVLol
25382,7425,XeSodEBcygwiwnvMqTCMOpZptQwYhXuwGrlnjZcunCACEpZlPNbNsdoONEdMlBWJcpaFQsMYkxeMykZbAPFvcSi
53897,3818,KINFhFGXfyhmQZAWmZbgAJtqiqabHOszFrWkpgCEewOEBGadrzcMyhTsBXKbGECZWLTdfskGbHJwzGAPWKqNynHNGvqJVq
77442,5473,fFRkDsSFSfFQmOHxHnlBCKVvqKcJApvqvZeLkoKBxuEeMRLSXsJRhvdVhTgsEVrfAemrEZXPpWsUmnw
25360,3918,pfPRUWNRCwROewnMOZgzeqFPgNhSbaoFyuuybBUNDZcDWGaHSRAdmabVZJC
79301,7920,VgRnKcpamKxwrMolnjuMcfiuuUWKTOnSJeXnmxBR
11724,9479,dHmTUBdFxnosjqlNQrTrnXTLKCoAooMQQZFlsLeLahANkBvR
56935,6329,fyHQKKAdwzQIbUpiaCrRTvTRuEOIlkGgnElRLIolbPbyKkdOHOYbJNUhJGUWRdn
50429,8730,EAiVewQEFpJKsPYDkIubDwjCbKllFPnclhYOnmFUEdxzrpiHSaHBfJUHuNF
84210,9148,MJiktWbGiEVpSbhzDNzkjqPIyGspmAojLBtmoYjzdepYJIYdzOeXKdf
69929,8961,pjeXFJDFRqFtraXYkttOjtClVsZJFnzIRiKCYOtNUvTlQUVZNljpSYrthoaQKBrpxFTRgLRRTOuPhWTouCbVZ
31998,2408,UBEeuTgDvFegrEIltlvmwjxDUdgbYJVCKQtrxPwLSINesEHTCvCweeShmDJHHrVtKKjZXvcQDw
47133,8285,oorhtNjMBIczZqjXQiIoTVzEaLtorYfmLUUYpM
53108,6486,RGONdcJqCmtByqcvuUwZRrjnoZLJfercuiJMPROm
36095,4582,hYBXMPcbUAPGFPhpjYxGziuAOrxyigmKcsNLEfwSsfUXGKhI
49805,1523,dkwsjzxJDTFgUCFYqOQCTFCUqujdzSYfiECmGDGQHJGngPmeezHwOpDAJQTdFtoqGHeDnrIHOAqStZrPZyMXMOByXsBfzE
82248,3511,lGGJpserGgHo
98593,7419,eyenxOvsDGHGAjMKNFkOsmkQwxsBtaPhJbvhmgWCHeRTIcWLvtk
14726,2030,ZmYQWEjlfUeLRLCChKuLmmbUHSeEkCBwcmMcmmPBJvNDwVLoWqUduejHbFb
40053,7023,KlNjNabiTwNSRyUkjEuZNQyTSSmIFAzuEfNSteXvuuZvc
50162,2980,CjxdbOwaqsUBkrziaiZVhcTdquYvYthUBCqrvsDrYddOoL
33349,9619,HOPQdhIDKKjXoWMdmIPuHDKDVypRmkFxQoCzzTvneCovs
43944,2503,NIEfLXqrydAzNmrkpWHDiiyckLNiqw
92734,3693,KAoiqkYabcJkgdUPXIaCfSXKkSxKIwupbvJuDnEKXoegWicNLtisaiMH
36069,7482,ilFXHXtnUaQFnp
24085,7283,xfVPxOctkERRZPbAVJQMJEkkdSOSrQfeFamjZmAiTjAQBoApbLLkzfuAAAYnhMyczwPcyfIAEHlds
38121,9969,dTvbhJeqHuBvtbBPRmwsVmKOZZNZ
11490,8104,RrhGwYytlLkmOWWMInntiAYQapLkczaNEPstKRyrmdzZYxdfzBHjrmHMhfXSRBaXhg
44473,7542,vtrgLSkhwuuxWHeETYMICvGMzqufPvEPeXClDyFhqePGIOyUqBycyNsdIzJZciljm
73176,3931,EdVoGpFsniZV
64820,8755,TiEckARJLOutXkHhCCbuUFdDzvMUruFYIPddFmmqfEB
84643,8603,wFJLotzdmExWCCOyp
19532,8694,ouVRAcvHvBVL
30468,2810,PQMeeCeCAJGGexiUHwEOtVHhxQTvSMIUqpjMXHCPhigGLmh
87005,4998,ZoIWsryScAoJTTIqCgOVRZQfaNVWKUWWSGHCVGTeyRKJufoaTxMrl
66711,2911,DCGCnuwYZsJqMkkEsCjDKUJndboxNQVpLjLWrNmjHYpjIDEMvfpTPDJPcejYEYVFOqKNdWqcgHaYKFXLZzACeYwclOZUtk
78455,6349,sddvoDQrzicWQLNkozMAgDHKCMUtQxvQjjLoSrIdflKTvliirmspBVYGzhHeYJDfqBvykGFewZgxaLS
98694,5480,lNYRCreBadDebIUOqnAVCESsoBleDpJtKLgRCyRjNqMRJFQuuNUACZQCtqmgIZsnO
19472,5486,vsNqYBRiLGozMIthfwbObGdMpFEMeoQdadNFhWOorqwOfDpcTaWDPcqiqxSsFErwoKNxOALLiebycdqOzIyIOjgTajgFEbpTgUQL
25592,9628,tsSLlimEBTDwtHCLmkGexHqYgFPvunnHSaLfrutlIieYvhCxl
83339,4880,pFbvCnHZkSbsXFWswShalawdKiKIddTkqceJyLMgtAwapaaQIzJvUfQGUjhDxXUIlEmQGSAhyKfWPAyiOFOuTAfpZPIfcMnXz
56668,1731,GoSGMBNvLYkgcIWgSJeeNJgzYkemYiwlaUXlctBnmvC
60025,4664,RIhsSofmuLBwtKbtqSHaFownmTBNMLYgWjZQIIELlXUSsOxqzpgAakFEOhmNJGfXnkcCBLhlGMigBhAtyahLrHfUBKHrROSSnBW
92966,3441,QenXOFdhiRnIgqNFZjKWdErUMKnYzpXcLjLSVwGaujxaqfsWzOCrBAMQLXAteqWQvo
38877,8773,oNBfaliLpPQKFiNCqvVqyBWidvBgXABTcRKdNWDzQIOCKWaKLmjpoWCHbFbenbXNyZgdbOjfKiFuWIoiJrVuKGd
66813,8470,slzlMLkocWOnKqSQwPECWBYLshBXivAt
79939,8509,ofzpwDfktxgMbPdzAquqGCAUHxmrPxVLqgbKrTJwcxAmLsXYXaMohWhIoRkpjfyJGVBPuDIPuLOFKPXARQwOzMG
45408,6533,koYLFEiImxHpTAxVCTagSViWdPfYWnPHErZRlxQFEbaexYSjs
77799,3839,XvbZCUxCaXufxDnzuKyPEUITXaTiWPAtNuKxFY
36938,3873,AqFFhIirMIqYeuZBxRxxiyawLwoOQqOauIAMvrDOzoWNYgQMdQaCgIZDrvoRYPNkcQzowyrHdHSsTpjmDngrdMCqIYMaDAq
59278,9218,SwYPNTGTeWTqYMQwMbbJZykhDLMEOJxdu
52956,2516,DkXtHFNRQeXXfSEUoJEBQcASyueWMuNBlRMuOIHTcLP
54017,3187,UigqncKNOFKxcxgNiDYhfUtsIcuIqhyIWGMkheZ
50391,3235,PhxvWNsZwHYdvyMrPOSyQQTZodyCmleGZElChZyWTTyWKDYr
63137,4130,PpnUZbajMDHsgszbzNlSxvabKjrGmswujjHwbfOytdDIJrcNRBVJhocCqDMkBogrXDWhD
93953,5830,IaFDJcXGXgvMZTq
98845,7492,fhXHgcGZociERsiRgW
11638,6181,qBcEeELXixzejPugAmAcPsTOLcIpzDeOgSTILnLt
57399,2669,qIpInvElCYXEoXZveHjOqZvaYGLHNQVMMpdEOztDHowNodarHGLuhyZACeNn
35090,5234,ebtgyAbWvKEQZZGgwjKSttiMcTdOBBCqBnuugtDBCFOrtBomkosSakLhuA
22108,6392,TspcJjrtGshbyowGrUdMblhZkHIweUwBpjahBGeiSviHfLjRe
99524,7475,kCWeoeRDKXHKUErtRcxrKfnpFyBXgayaohoEHgkAKeEWBxQxMpkeLwISnqSDEmkhRrmYWKwh
82432,3503,PQYQcwCpynnIoUMwervhevQvQzrDVsymvqUjsXikLfNvvOgTmjpaTWnlUmybJKyRHhSgAvSWWCBODqPHqKGpVRkSOwzcTdOcHs
32854,1003,BoZwEhjFQiScQzGCADWsGFnrdkzSAFmqpApzvTbFFOQWG
34924,9275,NXhvCxgcUxjhkxYaduBeaCwluwMlsvIdUCPhYWMxLKrhajhtWndLjRveAyZCAMmv
95828,8348,yiwplakGJpDrIXQIeRRc
67828,9310,hZxdqcPaxcPOGgxYVBoRbMtcMfjjzBlDFLkFSknDtQCl
36927,9036,snaoyAkrxXquHciDycPyaWboQtUCetoTqhCKXti
51926,2915,BEtKOlkORZoJbOciwiTmiUvwwLDbymQDFJZIDMGACOlYzForXtATNCrwsjotUlnkuqcwBMedCydabAsrkLmJgfyJRuhmMybhwcs
94050,4439,OVTjwMtXEWgncqdIrvVgdCEPbuzypbUbCVykkrcAsjAGMUGSiUofjpGT
84161,7624,OCWfgQrLBsratWcYTqIwksxTVAJNmcJfSeTJzmFSRQFUopksfKvvQMiOvfJZUfEDwLkPGJynnydFRGlWlcjClyCzRYLUpRk
64672,9791,nYfDTzYLJfwYTtAvpMHxdyPwfklZIIcApYAxZIw
76870,4456,fStepawSGLVd
29562,9311,FebJtTbCLeLWvpIYQOlXDyPEuuexNYHDNgqzezgRXVPwjeXDyPuuSgrBpdtRuQuzCLHaM
86345,2051,GjIMNLmQgcJtrfkzzpmjKVrAhaUsSYbJVqetpwzqsUYFHKDRICVACZCZfJdMPCXYMcjCJ
58600,1665,PApBycfuNAVEbYMYAzfIoryNQtetJzsJzUBdftupPhtZaiwZkFmWRStkDCbqnYals
75564,5717,stntkNZthPvwivGDDiNWVoBvfIDucCNufirDhY
11618,1406,ZogtoueONkYXfyFoAOFJGNoWTHyBkxdnPVnkXoLaPKLKYvWpdmgfloCPxBPltlanHHLJRqge
81599,8311,CSkmKxWOdRhwOCnLhYSuSoBfMrFssoqsCIOvFdkxwZVtOgRPjZmSMeriaMACLvz
34961,7138,MQaLesURUpMeqpByxbcqBBaCdhykqR
60912,5791,guJtpIiXgDqRi
37773,3099,XUTcwdIfDFXIKzecHfJp
65421,9475,zoasYKbXEatbVSlylywGUTViTVbCNyiJbMQEuY
42838,7824,RQRejVeDFSShpseBdbHjGLBagXPjIXzzVEpdOUyvdQYnPCJeURBFBToZzpJYKDcaVvvqQOEKrHOOELXQpG
69045,5650,RjhISTNkgmieOtGNFkrMNrBpzFqbpCKphsntxuXOffPVEXZCdzhiMAUVwztPylRZ
92793,9087,YDurIFJCHNAbWxaZ
19623,1433,CtFFOrtqkzitKDBiIXJzijHmaolGJBqpjrdKvgsEaAiceJkyiMSIazVPNCSaXLJHxADqzfPVKLuc
92784,3738,vqkCnEWfOwNqFKEZcAIBjSwibRtlXFHReBoWkl
